0185982_630x355.jpg,74.0000,80.0000,415.0000,301.0000
0ShAyPFRqBeO60QkYN7w_Mac Cheese 2.jpg,155.0000,9.0000,565.0000,313.0000
103685735_2aa24be930.jpg,55.0000,47.0000,299.0000,316.0000
1253354606_2a367f0ea4.jpg,57.0000,66.0000,428.0000,347.0000
1308097031_bf968f5ea9.jpg,1.0000,114.0000,350.0000,320.0000
1415761812945.jpg,104.0000,25.0000,508.0000,423.0000
1433575121_2357315e45.jpg,41.0000,96.0000,357.0000,319.0000
1479184790-macaroni-and-cheese-caf-world-wiki-cookbook-recipes-gifts-and-ii6uiq-clipart.jpg,51.0000,69.0000,279.0000,194.0000
1533281537_cc9f8fd200.jpg,109.0000,250.0000,359.0000,480.0000
179995429_65f1c7d0a3.jpg,204.0000,124.0000,500.0000,373.0000
1822299888_b79ff78c3e.jpg,1.0000,1.0000,402.0000,252.0000
183381595.jpg,95.0000,58.0000,339.0000,213.0000
1857474341_266db93e10.jpg,61.0000,83.0000,420.0000,321.0000
2-mac-cheese.jpg,62.0000,57.0000,433.0000,283.0000
20121009-mac-n-cheese-bowl-lowfat-4.jpg,70.0000,48.0000,535.0000,243.0000
20121009-mac-n-cheese-bowl-trad-4.jpg,86.0000,50.0000,518.0000,294.0000
2055218911_928dbeeffe.jpg,6.0000,37.0000,404.0000,375.0000
212948802_8666ee604c.jpg,8.0000,8.0000,500.0000,279.0000
21334b09-910f-4578-ba9f-e49f953447e1.jpg,157.0000,96.0000,681.0000,335.0000
2140081397_9e0bcd6fd3.jpg,192.0000,73.0000,390.0000,288.0000
2188374941_3dab28deb8.jpg,69.0000,42.0000,394.0000,323.0000
225334988_e03f7fe841.jpg,92.0000,152.0000,367.0000,342.0000
2292821189_64cc5d5d52.jpg,33.0000,50.0000,462.0000,272.0000
2353762154_554c656a0d.jpg,4.0000,19.0000,498.0000,339.0000
2419092593_d65e7a3be1.jpg,13.0000,18.0000,426.0000,214.0000
2434969347_849f697be1.jpg,16.0000,42.0000,418.0000,306.0000
245078954_87c68b3a96.jpg,14.0000,281.0000,228.0000,428.0000
2601915049_b60551e8e1.jpg,94.0000,88.0000,362.0000,280.0000
2717733730_9802848175.jpg,4.0000,58.0000,313.0000,347.0000
2755589202_5309e9410a.jpg,53.0000,47.0000,398.0000,290.0000
2766319850_b4f2acae04.jpg,61.0000,96.0000,500.0000,374.0000
2818714181_08ca544c02.jpg,182.0000,41.0000,500.0000,362.0000
2909020041_7c46d3d4d3.jpg,43.0000,69.0000,337.0000,278.0000
29515lrg.jpg,30.0000,147.0000,370.0000,309.0000
29515lrg.jpg,2.0000,1.0000,138.0000,126.0000
2954529837_ce356cfb18.jpg,1.0000,6.0000,460.0000,333.0000
2970868575_b64cc734da.jpg,43.0000,1.0000,339.0000,149.0000
3001170276_3e0d7a9f43.jpg,139.0000,27.0000,500.0000,222.0000
3022958512_9cce5ff4d5.jpg,136.0000,124.0000,388.0000,303.0000
3057139983_dbd0e9656d.jpg,136.0000,209.0000,361.0000,352.0000
3084114272_4aa0ac83c8.jpg,282.0000,83.0000,500.0000,332.0000
3088081360_205a0e8b1b.jpg,82.0000,47.0000,361.0000,293.0000
3162303155_312704bc3a.jpg,26.0000,1.0000,377.0000,249.0000
3241451461_524cb9250a.jpg,113.0000,58.0000,426.0000,262.0000
3304945663_bcd8f65eba.jpg,46.0000,274.0000,264.0000,474.0000
3326310350_31bced12f2.jpg,10.0000,108.0000,379.0000,392.0000
3330-1.jpg,116.0000,28.0000,403.0000,210.0000
3343412742_86e2ec0558.jpg,38.0000,83.0000,378.0000,313.0000
3412562474_ba8d3a8eb4.jpg,74.0000,3.0000,472.0000,344.0000
3419625407_06f7d9852b.jpg,39.0000,80.0000,459.0000,236.0000
3420434144_92f9882243.jpg,51.0000,82.0000,479.0000,233.0000
3448533367_097dc338a0.jpg,131.0000,1.0000,490.0000,247.0000
347454191_a7c008cbf4.jpg,49.0000,107.0000,344.0000,404.0000
3540990880_f6c59b11ac.jpg,133.0000,21.0000,439.0000,332.0000
3553276452_0915930a17.jpg,1.0000,15.0000,388.0000,284.0000
3605201776_cbf59d62c2.jpg,247.0000,36.0000,500.0000,210.0000
3696283549_76e0d222b3.jpg,54.0000,161.0000,384.0000,359.0000
3719167751_ff1691239c.jpg,16.0000,57.0000,488.0000,348.0000
3856722940_71d6a650ea.jpg,120.0000,17.0000,498.0000,229.0000
3871372110_f467b9c0b5.jpg,177.0000,58.0000,384.0000,205.0000
4021474273_1c384cdfbe.jpg,25.0000,274.0000,339.0000,448.0000
4051761918_96cff046d0.jpg,53.0000,51.0000,228.0000,272.0000
4116943184_c689b8a0dc.jpg,136.0000,140.0000,343.0000,293.0000
4130931018_03f009df62.jpg,64.0000,57.0000,418.0000,331.0000
4148574215_672f96118e.jpg,31.0000,115.0000,446.0000,291.0000
4184355025_84b5438658.jpg,2.0000,78.0000,370.0000,375.0000
4198067551_9dffd546c0.jpg,113.0000,73.0000,426.0000,291.0000
4198821240_cbe5e8c63b.jpg,29.0000,31.0000,480.0000,347.0000
4223552117_888f8296fd.jpg,98.0000,57.0000,436.0000,307.0000
497275589_6122445b93.jpg,136.0000,148.0000,336.0000,350.0000
50-BEST-Kids-Lunch-and-Snack-Ideas-19.jpg,43.0000,170.0000,705.0000,907.0000
52089_640x428.jpg,123.0000,52.0000,529.0000,299.0000
66046_640x428.jpg,73.0000,67.0000,552.0000,357.0000
66595-1-zoom.jpg,135.0000,80.0000,397.0000,199.0000
6FDfYvWRFuNVUOxKShsR_crockpot mac and cheese (2 of 4).jpg,21.0000,103.0000,342.0000,284.0000
745321781_722417c591.jpg,167.0000,162.0000,384.0000,254.0000
7a81fab96a5d8e207e2ea9286edf5b3a.jpg,165.0000,125.0000,480.0000,319.0000
856725503_8a8c72a412.jpg,77.0000,106.0000,416.0000,345.0000
8665133_f520 2.jpg,68.0000,47.0000,379.0000,331.0000
8zK38q8BS32Ag1Fxk5bT_crockpot mac and cheese (3 of 4).jpg,145.0000,92.0000,476.0000,333.0000
ad43da3c-1142-484c-947a-de74d0e0d416.jpg,61.0000,1.0000,341.0000,125.0000
aid118052-v4-728px-Make-Creamy-Mac-N-Cheese-Step-9.jpg,102.0000,134.0000,613.0000,487.0000
baked-macaroni-cheese-08-18-57bbb6bc3df78c876365e361.jpg,102.0000,41.0000,1264.0000,916.0000
Betty Crockers Family Favorite Macaroni and Cheese.jpg,4.0000,29.0000,350.0000,276.0000
Bistro-Mac---Cheese_exps47665_SD143203C10_24_5bC_RMS.jpg,71.0000,122.0000,1084.0000,829.0000
Broccoli-Shells-and-Cheese-fork.jpg,34.0000,58.0000,756.0000,541.0000
c17777058e3a5a7abc173063eae1129d--homemade-macaroni-cheese-mac-cheese.jpg,1.0000,52.0000,368.0000,304.0000
copycat-panera-mac-and-cheese-2.jpg,112.0000,300.0000,692.0000,676.0000
creamy-macaroni-and-cheese-recipe_16801.jpg,1.0000,255.0000,800.0000,747.0000
DSC05307.jpg,110.0000,156.0000,461.0000,354.0000
dscf5377.jpg,1303.0000,744.0000,2645.0000,2123.0000
DSC_0261-1024x685.jpg,91.0000,115.0000,962.0000,571.0000
DSC_0368-1024x685.jpg,237.0000,78.0000,945.0000,500.0000
Easy-Shells-and-Cheese-labeled.jpg,40.0000,200.0000,376.0000,347.0000
FRZ4YCQIGSBKGH2.MEDIUM.jpg,161.0000,136.0000,410.0000,387.0000
Gluten Free Macaroni and cheese recipe.jpg,11.0000,65.0000,246.0000,204.0000
gluten-free_mac_n_cheese.jpg,76.0000,102.0000,434.0000,353.0000
Homemade-One-Pot-Stovetop-Macaroni-and-Cheese-Cooked-in-Milk-by-Five-Heart-Home_700pxTitle1.jpg,116.0000,241.0000,700.0000,737.0000
images.jpg,23.0000,18.0000,228.0000,102.0000
instant-mac-cheese.jpg,138.0000,77.0000,425.0000,376.0000
Instant-Pot-Meatless-Monday-Best-Ever-Macaroni-Cheese.jpg,121.0000,174.0000,1000.0000,649.0000
JWYBZJMdS2uM1SwQaI7Q_stovetop-macaroni-cheese-8831.jpg,112.0000,146.0000,388.0000,399.0000
KFC Macaroni and Cheese.jpg,5.0000,28.0000,336.0000,215.0000
kraft macaroni and cheese.jpg,101.0000,198.0000,251.0000,312.0000
large_1238130420.jpg,104.0000,56.0000,367.0000,233.0000
maasdfasfsacaroni-and-cheese.jpg,144.0000,51.0000,415.0000,244.0000
maasdfasfscaroni-and-cheese.jpg,150.0000,53.0000,415.0000,242.0000
mac+and+cheese61.jpg,1.0000,200.0000,249.0000,306.0000
mac-and-cheese-for-one-image.jpg,44.0000,289.0000,625.0000,620.0000
mac-and-cheese.jpg,26.0000,263.0000,572.0000,797.0000
mac-cheese-3.jpg,15.0000,164.0000,669.0000,676.0000
MAC-CHEESE_zpse7f7e8d6.jpg,296.0000,130.0000,530.0000,273.0000
mac-n-cheedafsafafse.jpg,47.0000,56.0000,408.0000,246.0000
Macaroni-and-casdfasfsaheese.jpg,47.0000,87.0000,268.0000,192.0000
macaroni-and-cheese-ring-600x450.jpg,203.0000,66.0000,404.0000,172.0000
macaroni-cheese-17959445.jpg,1.0000,58.0000,258.0000,249.0000
macaroni-cheese-23595283.jpg,39.0000,62.0000,269.0000,306.0000
macaroni-cheese-master768.jpg,196.0000,40.0000,669.0000,239.0000
macaroni-cheese-rs-640874-x.jpg,58.0000,63.0000,300.0000,218.0000
macaronicheesemug.jpg,13.0000,49.0000,589.0000,455.0000
macasfsfasaroni_and_cheese.jpg,127.0000,133.0000,279.0000,226.0000
MAcCheeseCD-640x360.jpg,66.0000,18.0000,513.0000,273.0000
maccheesefry4.jpg,43.0000,122.0000,320.0000,341.0000
mac_cheese.jpg,40.0000,81.0000,445.0000,384.0000
Mac_Cheese_vert.jpg,56.0000,158.0000,277.0000,356.0000
mac_csafheese.jpg,48.0000,78.0000,443.0000,388.0000
masdfasfsacaroni-and-cheese.jpg,1.0000,49.0000,372.0000,301.0000
Midwest-Macaroni-and-Cheese-Recipe.jpg,24.0000,79.0000,424.0000,276.0000
Miracle Mac front.jpg,99.0000,71.0000,546.0000,406.0000
One-pot-Creamy-Shells-and-Cheese-Taco-Maco.jpg,170.0000,69.0000,491.0000,380.0000
one-pot-macaroni-cheese-11-620x616.jpg,6.0000,59.0000,620.0000,573.0000
Pumpin-Macaroni.jpg,39.0000,60.0000,502.0000,529.0000
Pumpkin-Pasta.jpg,63.0000,282.0000,490.0000,711.0000
Pumpkin_Mac_and_Cheese_Square_full.jpg,107.0000,107.0000,411.0000,264.0000
Quick-Shells-and-Cheese-labeled.jpg,51.0000,201.0000,464.0000,479.0000
rice-cooker-mac-and-cheese-with-ham-featured-450x450.jpg,1.0000,46.0000,353.0000,305.0000
shells-and-cheese.jpg,45.0000,108.0000,880.0000,591.0000
shells_and_cheese_1.jpg,16.0000,18.0000,412.0000,237.0000
shells_and_cheese_azm9zn.jpg,196.0000,58.0000,537.0000,358.0000
Slow Cooker Macaroni and Cheese.jpg,2.0000,167.0000,426.0000,483.0000
slow-cooker-mac-cheese-1.jpg,117.0000,68.0000,461.0000,313.0000
slow-cooker-mac-cheese-26-600.jpg,87.0000,8.0000,567.0000,282.0000
SomethingEdible-Stove_Top_One_Pot_Macaroni_and_Cheese06.jpg,141.0000,94.0000,587.0000,454.0000
Southern-Mac-Cheese.jpg,78.0000,91.0000,369.0000,272.0000
ss_R130854.jpg,44.0000,97.0000,296.0000,254.0000
Still_1_One_Pot_Mac_Cheese.jpg,1.0000,155.0000,577.0000,595.0000
Still_3_170213_Stove_Top_Mac_Cheese.jpg,28.0000,215.0000,664.0000,559.0000
Stovetop-Butternut-Squash-Shells-and-Cheese-300x300.jpg,81.0000,73.0000,300.0000,244.0000
Stovetop-Mac-N-Cheese.jpg,1.0000,83.0000,375.0000,345.0000
th.jpg,37.0000,72.0000,246.0000,166.0000
thumb_600.jpg,7.0000,5.0000,590.0000,589.0000
TP07_camping_recipe_macncheese_article.jpg,27.0000,190.0000,461.0000,588.0000
vegan shells mac and cheese 2[7].jpg,1.0000,65.0000,400.0000,319.0000
velveetashellsandcheese.jpg,167.0000,169.0000,795.0000,527.0000
White-Cheddar-Pasta-Shells.jpg,1.0000,67.0000,537.0000,349.0000